<?xml version="1.0" encoding="utf-8"?>
<productAdditionalComps>
   <dependsOn>
      <component>
         <name>ESN_CS_SS_Sorter</name>
         <locale/>
         <platformList>
            <platform>maci64</platform>
         </platformList>
         <version>2.8</version>
      </component>
   </dependsOn>
   <isControllingProduct>true</isControllingProduct>
   <platform>maci64</platform>
   <productName>ESN_CS_SS_Sorter</productName>
   <productNumber>5000</productNumber>
   <productBaseCode>ESN_CS_SS_Sorter</productBaseCode>
   <productVersion>2.8</productVersion>
   <releaseFamily>R2019a</releaseFamily>
   <releaseDescription>R2019a</releaseDescription>
</productAdditionalComps>