<?xml version="1.0" encoding="utf-8"?>
<ApplicationInstallerManifest>
   <DefaultInstallationDirectory>/Applications/Johns_Hopkins_University/ESN_CS_SS_Sorter/</DefaultInstallationDirectory>
   <ApplicationName>ESN_CS_SS_Sorter</ApplicationName>
   <ExecutableName>application/ESN_CS_SS_Sorter.exe</ExecutableName>
   <GUID>58776ed6-8871-4909-a741-d59f6c15f579</GUID>
   <ApplicationIcon>icon_48.png</ApplicationIcon>
   <Logo>default_logo.png</Logo>
   <Version>2.8</Version>
   <InstallationNotes>In the following directions, replace MR/v96 by the directory on the target machine where MATLAB is installed, or MR by the directory where the MATLAB Runtime is installed.

If the environment variable DYLD_LIBRARY_PATH is undefined, set it to the following string:

MR/v96/runtime/maci64:MR/v96/sys/os/maci64:MR/v96/bin/maci64

If it is defined, set it to the following:

${DYLD_LIBRARY_PATH}:MR/v96/runtime/maci64:MR/v96/sys/os/maci64:MR/v96/bin/maci64
</InstallationNotes>
   <AuthorOrganization>Johns Hopkins University</AuthorOrganization>
   <Summary>Spike Sorter for Cerebellar Purkinje cells. (contact: esedaghatnejad@gmail.com)</Summary>
   <WelcomePanelText>ESN_CS_SS_Sorter 2.8
Spike Sorter for Cerebellar Purkinje cells. (contact: esedaghatnejad@gmail.com)

Spike Sorter for Cerebellar Purkinje cells. (contact: esedaghatnejad@gmail.com)

Ehsan Sedaghat-Nejad
esedaghatnejad@gmail.com</WelcomePanelText>
   <MCRProducts>
      <MCRProduct>
         <ExternalProductIdentifier>35000</ExternalProductIdentifier>
      </MCRProduct>
      <MCRProduct>
         <ExternalProductIdentifier>35010</ExternalProductIdentifier>
      </MCRProduct>
      <MCRProduct>
         <ExternalProductIdentifier>35119</ExternalProductIdentifier>
      </MCRProduct>
   </MCRProducts>
</ApplicationInstallerManifest>